Label,log_k1_median,log_k1_CI_lower,log_k1_CI_upper,log_k2_median,log_k2_CI_lower,log_k2_CI_upper,m_median,m_CI_lower,m_CI_upper,n_median,n_CI_lower,n_CI_upper,r_median,r_CI_lower,r_CI_upper,log_sigma_median,log_sigma_CI_lower,log_sigma_CI_upper
DSC_DAB_100C,-3.653464281190775,-3.792394037322559,-2.8845680955105517,-1.865663102399127,-1.8802639810434696,-1.8565649407134752,0.396320326794619,0.3927891230100849,0.4928021929367756,1.52441622748365,1.515843314751624,1.5296097356709868,0.8887223997685247,0.8885152465128323,0.8890807335559013,-2.694634580205054,-2.8180182815034853,-2.620463162392652
DSC_DAB_80C,-2.855342012986537,-6.332002255202829,-2.841976809829744,-2.2337393800406984,-2.2558415240799268,-2.2295988287161648,0.9297868481517504,0.3857398619737011,0.9384602902527964,1.4771494273092256,1.433166879008002,1.48126010636309,0.9294178906908696,0.928752961058682,0.9320307314305452,-2.578910516283419,-2.600389431830052,-2.248803596019684
DSC_DAB_60C,-3.3764472310661215,-3.3846673801767717,-3.3545418396061684,-2.5853540354940003,-2.585786392877397,-2.580119218616256,1.0991410879500831,1.0921336421753738,1.1506453135832275,1.5380864814893909,1.5280303613518769,1.5421119380609374,0.8997533858634964,0.899129605310992,0.8998626576317872,-2.5307838881898643,-2.5411481773047537,-2.521644069283699
DSC_DAB_33C,-5.133559028338594,-5.147107471152786,-4.79876379065203,-3.3621026272437153,-3.362536967482174,-3.329674519838433,0.4121776613630837,0.4115170391788436,0.4621912856024336,1.3186945392695462,1.3183728397033248,1.325896269913043,0.2205873309026252,0.2202623558468032,0.2206255477244388,-3.335973173045697,-3.424417845338018,-3.3248874622174256
DSC_DAB_50C,-3.698928329871956,-3.7032076257768543,-3.6958741431061073,-2.97310175309047,-2.9965979262799127,-2.9725218374412323,0.8363954684175956,0.8009203913160002,0.8383871708467963,1.3561736892875835,1.3460168312876026,1.3564991547849523,0.8299381859138244,0.8298057278281916,0.8301035194657107,-2.673742015201426,-2.6805329378938043,-2.607605274511683
DSC_DAB_25C,-4.580652119409317,-4.585039268305648,-4.5793006153181235,-3.4159670551828443,-3.428664468074268,-3.413104974759374,1.5058562881465485,1.4840551944319396,1.512067217257863,1.2205279087780023,1.2099945733632211,1.221107807803326,0.6065901533184657,0.6064124137367237,0.606970681658198,-2.5647132341624843,-2.5695538784374716,-2.559687235006164
DSC_DAP_100C,-3.0883561791806953,-3.0972931255085605,-2.186951979089362,-1.8683253454730997,-2.601497886246866,-1.8509045423848756,0.4529849048500348,0.4522825029584779,1.2771538272808802,1.7687958821491003,1.5907106726975235,1.7995674095510206,0.8291631649136708,0.8261760219092741,0.83154683867408,-2.8510917328529537,-2.8873144615167226,-1.8022942125428791
DSC_DAP_33C,-4.108288721023637,-4.119828924437648,-3.899145148639765,-3.01675300635082,-4.294682448562104,-2.98293022579549,0.8652344697939822,0.8372929907781452,1.713469873317049,1.673759214395465,1.3934712162491247,1.7011553109375632,0.2076104325494275,0.2075030456161553,0.212610921910565,-3.1167156624128807,-3.12921181348851,-2.064779623537489
DSC_DAP_25C,-4.5542406149315,-4.554533644485112,-4.546978420921689,-3.645982701504463,-3.646252144821448,-3.6253003497120546,1.0887700998409735,1.0885251542092136,1.118797128712256,1.1632309938716827,1.16307235440356,1.176489184714249,0.5582305929866911,0.5579054502368501,0.5582905917959669,-2.75963549248502,-2.7661855871351064,-2.754281190386326
DSC_EDA_100C,-6.627558515937776,-48785.42796459237,-3.5526016083047316,-1.9787423180737291,-2.0117860494019664,-1.973392145712337,0.2632331813635429,0.2482127118263134,0.2809569697279673,0.9085314613108688,0.766672311652722,0.92133722659896,1.098846250948596,1.0020421057120057,1.0999256833581224,-2.264311001197957,-4.0719176317589785,-2.241990471359181
DSC_DAP_60C,-3.5531548703708777,-3.554867672832042,-3.156078892223078,-2.780757613890522,-5.842089998810548,-2.780094245469696,0.7985131408048989,0.4178391095323974,0.8013309194752258,1.5491720795200372,1.2530109571053127,1.549928959340742,0.851078734531777,0.8510366168099883,0.8683893435103704,-2.9454846991842016,-2.9512364390351244,-1.5713768069597829
DSC_DAP_80C,-3.1924291132727824,-3.1961436924815847,-3.188192788352106,-2.362799060928719,-2.363591516518857,-2.36188432233127,0.535784867905423,0.5332667235916672,0.5388143082509459,1.631639380486828,1.630499163635912,1.6331195977846673,0.7936431326213773,0.7936172751569665,0.7936626043630037,-3.309389891826247,-3.3161246353854255,-3.301474747733018
DSC_DAP_50C,-3.8628502595057608,-3.8651887271223537,-3.860822127858657,-3.0086034772872967,-3.010645290149889,-3.0065219243663184,0.8514176940309627,0.8468684695168445,0.8555332458306932,1.5327514243731528,1.5305924225103695,1.5349055105646925,0.7510744893102768,0.7510364245713069,0.7511159272451895,-2.9321377598306535,-2.9360558958016347,-2.9268447459422884
DSC_EDA_33C,-5.356755032753117,-5.924640290832053,-5.319694872573874,-3.594101627224739,-3.60813887692487,-3.593952244381831,0.3496476347825439,0.3287109337758701,0.3509529808758071,1.1582701617833064,1.1533231653871738,1.15846401112371,0.1517007195688009,0.1516766000828416,0.1518391468912347,-3.487197263209175,-3.497257222713725,-3.4782384185312294
DSC_EDA_25C,-4.44647933349942,-4.44855589261557,-4.444227480688362,-3.5759224365162936,-3.585582234881529,-3.5642272606245196,1.5883141424488736,1.5727119251485464,1.6067934704846896,1.478971878630648,1.4683805991985917,1.4915299648238105,0.7888498646498441,0.7883737879271409,0.7894087263651031,-2.3763830419148704,-2.3804407512246346,-2.371861917925358
DSC_EDA_80C,-2.7172591343899515,-2.7190724213896815,-2.715597424618028,-2.472011501189723,-2.475817295215062,-2.4686365471369394,0.8454084873544616,0.834549069013323,0.8538146645872264,1.4690913383267428,1.4649241836719429,1.4730872580917391,1.019131855678483,1.018585692963751,1.0196687691015969,-3.07702340821171,-3.0837896141516064,-3.068777116282434
DSC_EDA_50C,-4.068081949622195,-4.071183985860673,-4.065827715604471,-3.0464911103269454,-3.0485665294626196,-3.04477032233041,0.7374341815338141,0.7338472925414737,0.7401127936797319,1.5424002071035332,1.5401493990602682,1.5444182255875518,0.6822343026359395,0.6821851728966066,0.6822837606594344,-2.9211306974248425,-2.9253923786500855,-2.9163648944788902
DSC_EDA_60C,-4.313718282512946,-4.324370450618396,-4.305498656124421,-2.9138480064604986,-2.9146059219977607,-2.913222388819564,0.4296654084781171,0.4277889233015163,0.4311024510136282,1.678395981342911,1.6769230376139368,1.6796716268713172,0.7282989539030011,0.72825474928713,0.7283470584553594,-3.189915302877689,-3.195736187346059,-3.1852469962677077
NMR_DAB_25C,-7.426080743608344,-9.875092803847869,-5.183230555409764,-3.598911157585192,-3.6247228710092783,-3.5668104548080266,0.3975599600953965,0.3617990509124918,0.4587709141575563,1.2130491749012065,1.08916800449143,1.341579885733028,,,,-2.10541076094403,-2.195066172923859,-1.9856007236743376
NMR_DAB_33C,-3.51011287064748,-3.5569214821765662,-3.4633454162333273,-3.0698506877105496,-3.425700447162142,-2.785324303796558,1.8831616087715384,1.0331940947771583,2.442743976466147,1.4157699433115665,0.9352437427061008,1.883876120584348,,,,-1.9441962244051347,-2.0116650433816403,-1.857733096780307
NMR_DAB_40C,-3.9732396543322857,-4.048217957797929,-3.917541709505357,-2.7820973452213904,-2.8673495028992595,-2.7128295858594225,1.2023838957761006,0.985150964512442,1.3759416435721634,2.073575381380174,1.8406240032071792,2.234707323612953,,,,-2.0055755629757357,-2.061955749744663,-1.9252937214840025
NMR_DAP2_25C,-6.235676721659637,-9.7978308422394,-3.9313123512885264,-3.4045900919265586,-3.556453322740682,-3.372383855390526,0.1395240568090366,0.0948027462266081,0.2365684681991607,1.3685021175112708,1.2354301106823788,1.5087309085233944,,,,-2.072795601090766,-2.1579960759462935,-1.9871088954830656
NMR_DAP2_33C,-4.016807560052445,-4.084500822094779,-3.967074870560455,-2.891847774329642,-2.9981661270832514,-2.777483567916851,1.2470737175511166,0.9835623938170416,1.5318015022086942,1.7627152134498636,1.4717969175440666,2.128618757715617,,,,-2.1773993545068007,-2.2807164552207353,-2.0695702386270285
NMR_DAP2_40C,-7.047314678507977,-9.636091216051655,-4.142209021175569,-2.992469535754326,-3.0138312517682917,-2.9710735755335316,0.335568689105209,0.3041109410068203,0.4001774544467816,0.9572879882696012,0.8685413011982939,1.0396798394604758,,,,-2.326477072875356,-2.4218059317387937,-2.201825098664606
NMR_DAP_25C,-7.264467798963068,-9.861275224586008,-4.570131937971454,-3.3917544888206006,-3.4327324484777955,-3.3587564306679862,0.446594263270802,0.3882291918351404,0.5708996148798607,1.3577586867094529,1.142342881669635,1.5222295965117498,,,,-2.1077411660731347,-2.2222146032188026,-1.9715182392189736
NMR_DAP_33C,-3.621000876321949,-3.6670770141383975,-3.5828992041199643,-2.9449007891662893,-3.112770318201924,-2.784784551560321,1.5020283163330963,1.0585764030271283,1.899684660732654,1.5863306092041036,1.2671252944944211,1.8856414450165169,,,,-2.001609024543522,-2.074042869152077,-1.8897277815014883
NMR_DAP_40C,-6.34465133433085,-9.75768369171745,-3.877684976840174,-2.8565844158419766,-2.8882577631235256,-2.7992158113880947,0.4315737750576295,0.3883694240970171,0.659933037190561,0.9009249792037516,0.7537991032577745,1.151814463068814,,,,-2.002024131081197,-2.113212044141034,-1.885593341403656
NMR_EDA_25C,-4.302250243211512,-7.792962354663062,-4.205211031049602,-3.532511054539982,-3.691472080492028,-3.169751290315243,0.9842023072680262,0.3108313739518023,1.8685402506075608,1.5583858805497726,0.9534495953488138,2.3809371684376335,,,,-1.9613744500873596,-2.0619477436002907,-1.8247731459267973
NMR_EDA_33C,-4.204743441350196,-4.7869610229594315,-4.08757545515775,-3.2392811050235935,-3.342682502328001,-3.0976047118832604,0.8461873041660184,0.4688230010949066,1.2465141434384974,1.419326699453796,0.9548369807072516,1.7831802672157222,,,,-1.799322760504889,-1.8785436840716605,-1.7252061325575294
NMR_EDA_40C,-3.809574281691679,-9.265930628613471,-3.2506919426998655,-2.7879083010560812,-6.8187975993894625,-1.3943183696830563,1.6477171637267145,0.2564011290160736,4.817029970752411,1.6687588387843704,0.5207884786983428,4.831151753324152,,,,-0.8173138890231908,-0.8969379213040082,-0.7201649211079681
