sample,temp,scan,timestamp,A,A_err,T2,T2_err,beta,beta_err,dropped,elapsed_min,alpha
DAP2,33C,1,2026-03-12 08:53:18,17501.841000285025,110.94157783045911,0.02191107689660262,0.00027022496296379503,0.646078556181506,0.004743721365837269,False,0.0,0.0
DAP2,33C,2,2026-03-12 08:54:52,16908.212318969916,96.75850252428454,0.027310518218637378,0.0002948426546519097,0.6745219993789237,0.004726349765044528,False,1.5666666666666667,-0.24642519158298226
DAP2,33C,3,2026-03-12 08:56:28,16754.904303551284,92.39119492616715,0.028730414624198317,0.0002966769391596605,0.6813085034653105,0.004663491729718828,False,3.1666666666666665,-0.3112278670635791
DAP2,33C,4,2026-03-12 08:58:02,16641.873496814023,91.76293706250453,0.029246532092603306,0.00029814959951435477,0.6937078334818475,0.004801999315874885,False,4.733333333333333,-0.3347829607196564
DAP2,33C,5,2026-03-12 08:59:36,16783.847197852585,93.78128735071682,0.028586021766505522,0.0002973410742802145,0.6871359684918866,0.00477949449688602,False,6.3,-0.3046379190489661
DAP2,33C,6,2026-03-12 09:01:12,16584.83169459964,92.51564918040505,0.028468098674915048,0.0002934412460334596,0.6944811001121611,0.004842492692783046,False,7.9,-0.29925602512622795
DAP2,33C,7,2026-03-12 09:02:46,16597.733637387515,95.24439212369568,0.02752301172623096,0.0002928675197403395,0.6912434575313263,0.00491889336645879,False,9.466666666666667,-0.2561231862820257
DAP2,33C,8,2026-03-12 09:04:22,16651.973493597976,93.10263453689251,0.02671287163062138,0.00027673803016502543,0.6921738609568996,0.0047789841455813005,False,11.066666666666666,-0.21914918909181025
DAP2,33C,9,2026-03-12 09:06:04,16543.939524792564,94.03650344658679,0.02647936011733384,0.00027586791018892163,0.7030654232253556,0.004967419570718034,False,12.766666666666667,-0.2084919532841194
DAP2,33C,10,2026-03-12 09:08:56,16626.72626066136,95.95497518910177,0.024450521667736362,0.0002579747406962882,0.7059393621124838,0.005021600209296333,False,15.633333333333333,-0.11589776180866274
DAP2,33C,11,2026-03-12 09:11:44,16402.518989460477,96.10418057415542,0.023045170561878724,0.0002428200390089353,0.7229940344006229,0.005263387316678377,False,18.433333333333334,-0.05175891950121114
DAP2,33C,12,2026-03-12 09:14:32,16636.873734705707,101.23278442425408,0.020323636653745415,0.00022525778667942603,0.7097927482637941,0.005248012077842751,False,21.233333333333334,0.0724492114353057
DAP2,33C,13,2026-03-12 09:17:04,16568.212498186163,103.46271636136478,0.018572226482831414,0.00020905037468759214,0.7205070066955009,0.005495623353715569,False,23.766666666666666,0.15238184912257347
DAP2,33C,14,2026-03-12 09:19:52,16365.59953857582,106.76965058474681,0.016543726509867872,0.00019276938750784403,0.7299711105204341,0.005849954213181854,False,26.566666666666666,0.2449605928573494
DAP2,33C,15,2026-03-12 09:22:02,16528.714684466657,117.05885547008438,0.014422245947237648,0.00018441843274746495,0.7182801202142468,0.006150096055205018,False,28.733333333333334,0.3417828792580313
DAP2,33C,16,2026-03-12 09:24:52,16431.18165092678,129.44744030270832,0.012137298848536935,0.00017330891770402405,0.7139010903145117,0.0067494640265345065,False,31.566666666666666,0.44606561759550667
DAP2,33C,17,2026-03-12 09:26:54,16433.749150068306,142.07074751503743,0.010527863912212061,0.00016801089994427355,0.6947597903184971,0.007036298811620757,False,33.6,0.5195186452088789
DAP2,33C,18,2026-03-12 09:29:44,16349.777925873981,167.55989466099334,0.008087107769228538,0.0001575817481505134,0.664700719201349,0.007669677924220033,False,36.43333333333333,0.630912355089107
DAP2,33C,19,2026-03-12 09:31:46,16089.422285348084,178.88439161231395,0.007077390902453208,0.00015170320517333242,0.6508785469092208,0.007993296283946962,False,38.46666666666667,0.6769948398314197
DAP2,33C,20,2026-03-12 09:34:36,15951.469149642473,225.28428140959537,0.005217600885161664,0.00014822108014624064,0.6103327255075773,0.008981172594535222,False,41.3,0.7618738271156965
DAP2,33C,21,2026-03-12 09:36:44,15902.679237620801,180.2804608511623,0.0042399580736083,9.860128459815761e-05,0.5923207633992026,0.006823281291626833,False,43.43333333333333,0.8064924835225366
DAP2,33C,22,2026-03-12 09:38:22,15484.762337769256,187.6556661979192,0.0039697354655563195,9.901551623717273e-05,0.5890087840746291,0.0072065069649364065,False,45.06666666666667,0.8188251775898865
DAP2,33C,23,2026-03-12 09:40:00,15657.680835468416,212.960317769581,0.0032833269297817785,9.496326070067644e-05,0.5599692955268342,0.007336472886082394,False,46.7,0.8501521880793148
DAP2,33C,24,2026-03-12 09:41:44,15353.1777186534,231.51968211689996,0.002920074297535077,9.432933306840777e-05,0.5530263260857702,0.007924028049007145,False,48.43333333333333,0.8667306809558117
DAP2,33C,25,2026-03-12 09:44:32,14878.499019228379,285.907717467391,0.0021739771092296354,9.132001586710186e-05,0.5342390587013461,0.009398135057703242,False,51.233333333333334,0.9007818228429147
DAP2,33C,26,2026-03-12 09:47:22,14287.632900869097,326.55057627279683,0.001728484537148575,8.606036620232443e-05,0.5349701910276096,0.011134904644969837,False,54.06666666666667,0.9211136656904079
DAP2,33C,27,2026-03-12 09:50:26,14849.696166704281,434.1786404784124,0.0011095291135017743,7.410226758906233e-05,0.4930651573198074,0.012056502828024371,False,57.13333333333333,0.9493621824825137
DAP2,33C,28,2026-03-12 09:52:40,15039.181600547936,506.67478415029774,0.0008713042226324239,6.83773952811838e-05,0.4753635372016874,0.012853109013988041,False,59.36666666666667,0.9602345322074278
DAP2,33C,29,2026-03-12 09:55:32,14986.185108173762,667.1419342239886,0.0006132127363737473,6.473455341928821e-05,0.4571252489214919,0.015533016330582941,False,62.233333333333334,0.972013573807099
DAP2,33C,30,2026-03-12 09:57:44,14317.36040760355,737.0685473965679,0.000518796943374276,6.398376984003181e-05,0.4471214026064373,0.017089531950736495,False,64.43333333333334,0.97632261774159
DAP2,33C,31,2026-03-12 10:00:38,15250.696287799512,1067.2053783814597,0.00031690217859242376,5.3962311481112044e-05,0.4266467024993547,0.02065812916166483,False,67.33333333333333,0.9855368962425777
DAP2,33C,32,2026-03-12 10:02:30,15077.103828156582,1130.7794091833234,0.00028426267694186446,5.183854899164187e-05,0.42459230116968205,0.02176792313763834,False,69.2,0.9870265309969343
DAP2,33C,33,2026-03-12 10:04:08,14792.499818769375,1361.5373199074415,0.00023403424567168798,5.230796392286079e-05,0.4205499716076593,0.025845821063845604,False,70.83333333333333,0.9893189072004044
DAP2,33C,34,2026-03-12 10:05:44,15401.281980698193,1586.1637347618323,0.0001917127502566245,4.7287044023638206e-05,0.4234924160541734,0.028724254747656643,False,72.43333333333334,0.9912504186279246
DAP2,33C,35,2026-03-12 10:07:22,17697.52014993257,2301.257081769422,0.00010949818026899571,3.655684568908578e-05,0.3689606777543232,0.027270765925761515,False,74.06666666666666,0.9950026107440674
DAP2,33C,36,2026-03-12 10:09:06,21018.694843814035,3735.9651097942397,5.877235127309273e-05,2.720434677308532e-05,0.3453121784593876,0.03140847541380388,False,75.8,0.9973176876905486
DAP2,33C,37,2026-03-12 10:12:00,15068.046710945096,3316.70366329329,7.93522472545841e-05,4.16941347520395e-05,0.3965448526564154,0.04975826480633054,False,78.7,0.9963784414782969
DAP2,33C,38,2026-03-12 10:14:38,15840.183155098835,4556.101326569413,5.86715538619585e-05,3.846125351825869e-05,0.4087537224263259,0.06504760744185828,False,81.33333333333333,0.9973222879852585
DAP2,33C,39,2026-03-12 10:17:30,14470.122474072292,6042.620915138662,4.5110186303094025e-05,4.086847102598655e-05,0.4219324146747763,0.09431441601077273,False,84.2,0.9979412154630296
DAP2,33C,40,2026-03-12 10:19:40,25246.30370624446,17692.447076496337,1.219356256079438e-05,2.0280814633537326e-05,0.33327303610598347,0.09390869108432978,False,86.36666666666666,0.9994434977971035
DAP2,33C,41,2026-03-12 10:22:34,11192.154366019297,4574.724260637099,4.543634036961728e-05,3.867166580922088e-05,0.4431540597318775,0.0987475036574662,False,89.26666666666667,0.9979263301122063
DAP2,33C,42,2026-03-12 10:24:44,12054.762956046949,4963.037062875438,4.631274129375277e-05,3.706683738465222e-05,0.48119122437277023,0.11142023941653748,False,91.43333333333334,0.9978863320359698
DAP2,33C,43,2026-03-12 10:27:36,4655.638309174206,672.1459763158159,0.00016501843608953418,2.520419852227448e-05,1.3041137840667156,0.28586478837706386,False,94.3,0.9924687208726322
DAP2,33C,44,2026-03-12 10:29:42,12880.536234476509,14957.49661001389,1.1695673148857563e-05,3.036813077288357e-05,0.3521682050388403,0.163357465174597,True,96.4,
DAP2,33C,45,2026-03-12 10:32:32,7038.987591364913,2729.5509302480655,8.17813674139615e-05,4.916865431930187e-05,0.6878006285204357,0.20234007257129252,False,99.23333333333333,0.9962675788232644
DAP2,33C,46,2026-03-12 10:34:34,7332.012039742304,3460.3851990399417,6.886480960528658e-05,5.4675637848361546e-05,0.6047477887614096,0.1935905588836225,False,101.26666666666667,0.9968570778182079
DAP2,33C,47,2026-03-12 10:37:24,1317.5057259711682,250.70552307314884,0.00014408900521563911,1.7596217803637185e-05,4.123206688352112,2.967828905657303,True,104.1,
DAP2,33C,48,2026-03-12 10:39:30,5074.461839340724,3356.8328466696325,7.117933129600168e-05,7.596369571890827e-05,0.6398189392440079,0.2972424122656551,False,106.2,0.9967514453245775
DAP2,33C,49,2026-03-12 10:42:20,2918.1827672319346,619.8660326769817,0.00013340210463721414,2.4186051588883087e-05,1.719896737460363,0.6633670394346578,False,109.03333333333333,0.9939116591454298
DAP2,33C,50,2026-03-12 10:44:30,3689.841391313229,835.6326839557561,0.00013786553092082955,3.229119577560076e-05,1.3005848250636347,0.4207573917005508,False,111.2,0.9937079527596288
DAP2,33C,51,2026-03-12 10:47:26,2842.740047851483,536.8353267098468,0.00014972015324915224,2.362575020440989e-05,1.8523070845186724,0.7066269580541762,False,114.13333333333334,0.9931669194555943
DAP2,33C,52,2026-03-12 10:49:28,4090.9765572887795,1822.9425666992875,9.475846219854981e-05,4.914257300869882e-05,1.0213172121281113,0.4601819265797407,False,116.16666666666667,0.9956753169802784
DAP2,33C,53,2026-03-12 10:51:08,5525.034210579588,4295.284210114563,6.105097073624405e-05,6.935217066632756e-05,0.701303305172809,0.3782124748468487,False,117.83333333333333,0.9972136937392744
DAP2,33C,54,2026-03-12 10:52:46,2790.625005431969,1477.0613029527744,0.00011398457436626904,7.887563374462918e-05,0.9091838854590472,0.4828122620772249,False,119.46666666666667,0.9947978561298398
DAP2,33C,55,2026-03-12 10:54:24,81.1289832848949,0.0,4.786410743782775e-06,0.0,4.370835078643527,0.0,True,121.1,
DAP2,33C,56,2026-03-12 10:56:04,2513.3671749208597,543.1411134617817,0.00017688384558790253,3.7931038776212574e-05,1.4553816633054433,0.5365783359137777,False,122.76666666666667,0.991927195252766
DAP2,33C,57,2026-03-12 10:57:42,3124.233378284447,1322.1846001964145,0.00012813518471555042,7.230628822434772e-05,0.9038035504277625,0.3970858928055422,False,124.4,0.9941520361906347
DAP2,33C,58,2026-03-12 10:59:20,2881.9437032628043,632.3390096620905,0.00015581775822951077,3.330025111852683e-05,1.4577555708127212,0.5269670185533,False,126.03333333333333,0.99288863076129
DAP2,33C,59,2026-03-12 11:00:58,2492.1147613080248,427.4451452383113,0.00017786703535763602,2.7028010984218407e-05,1.7589128208420917,0.6094502704315946,False,127.66666666666667,0.9918823234386432
DAP2,33C,60,2026-03-12 11:02:38,1534.2835435745833,458.58938806940375,0.00018348699814144936,5.185737859416348e-05,1.5846479446443078,0.8794886190993526,False,129.33333333333334,0.9916258338644277
DAP2,33C,61,2026-03-12 11:04:16,3278.308151456297,505.79163612587064,0.00014302102187322137,2.1074492733933152e-05,1.4725333470960624,0.3671615508258231,False,130.96666666666667,0.9934726612229909
DAP2,33C,62,2026-03-12 11:05:56,2503.158966281105,460.74006600395484,0.000160413462553149,2.8951000334469612e-05,1.4522793857618341,0.4428433664114179,False,132.63333333333333,0.9926788873358378
DAP2,33C,63,2026-03-12 11:07:34,2338.1731900773384,388.30941968870707,0.00017264527667073195,2.6865542311260566e-05,1.5858862134017815,0.48191231559271963,False,134.26666666666668,0.9921206393695099
DAP2,33C,64,2026-03-12 11:09:14,2405.8307223644215,321.6883353242309,0.00018693285186875932,2.3096079923421296e-05,1.6546418615455216,0.4286174132081131,False,135.93333333333334,0.9914685684893131
DAP2,33C,65,2026-03-12 11:10:52,133.63788397294962,0.0,1.2989558735198259e-05,0.0,3.1614547435519986,0.0,True,137.56666666666666,
DAP2,33C,66,2026-03-12 11:12:32,2918.7955795132007,710.6222250483662,0.00014073659067651047,4.064154797055512e-05,1.0776315948136665,0.3219919960467736,False,139.23333333333332,0.993576920416069
DAP2,33C,67,2026-03-12 11:14:10,2932.8271478060274,477.0101601524166,0.00013699745512943797,1.9647555549717615e-05,1.6459667755288847,0.47144499983066607,False,140.86666666666667,0.9937475708849947
DAP2,33C,68,2026-03-12 11:15:50,2253.5684017137405,451.2378541658139,0.00016266011401770117,3.2596258005553416e-05,1.4120588356285524,0.4586981224761891,False,142.53333333333333,0.9925763523725791
DAP2,33C,69,2026-03-12 11:17:28,3253.6385184119367,727.6391977194872,0.0001306693077422744,3.334520863962358e-05,1.1213439064443147,0.3099307890109614,False,144.16666666666666,0.9940363813080071
DAP2,33C,70,2026-03-12 11:19:08,2737.079300080638,773.7088002322955,0.0001331151313217939,4.4695013674761645e-05,1.0648084828832953,0.3590711843670869,False,145.83333333333334,0.9939247563253072
DAP2,33C,71,2026-03-12 11:20:46,2213.8179274801064,559.5180122963095,0.00015155737648171717,4.2263031239598045e-05,1.208427047761184,0.4227579503679367,False,147.46666666666667,0.9930830703941705
DAP2,33C,72,2026-03-12 11:22:26,2530.297140910785,440.2666148197436,0.00016902943660159414,3.0322785471127253e-05,1.3608840116795853,0.3759079077155256,False,149.13333333333333,0.9922856627540839
DAP2,33C,73,2026-03-12 11:24:04,810.5716349857289,206.91717653877598,0.00025408370458028225,5.8191382409509914e-05,1.8837385699242835,1.0984281249102439,False,150.76666666666668,0.9884038696144744
DAP2,33C,74,2026-03-12 11:25:44,2705.013845880733,374.7422678667554,0.0001649373856098605,2.169617072082084e-05,1.5359536021079399,0.3736741226805615,False,152.43333333333334,0.9924724199368113
DAP2,33C,75,2026-03-12 11:27:22,1622.1360063280276,630.5432687886452,0.00015094338282663244,6.880659251986057e-05,1.108267028031148,0.5533325527620506,False,154.06666666666666,0.9931110924607254
DAP2,33C,76,2026-03-12 11:29:02,1920.348950556939,319.60411483416937,0.00017256552896071734,2.4754262921046446e-05,1.8335285826018066,0.63464937665825,False,155.73333333333332,0.9921242789765631
DAP2,33C,77,2026-03-12 11:30:40,2131.580922135696,400.96647608236043,0.00014553005788313285,2.3153178472287428e-05,1.7957804224948282,0.6577258765355392,False,157.36666666666667,0.9933581512871374
DAP2,33C,78,2026-03-12 11:32:20,2326.679010526001,362.2754874672238,0.0001766699567225886,2.6924951753709364e-05,1.486534730146486,0.4022649103245837,False,159.03333333333333,0.9919369569302191
DAP2,33C,79,2026-03-12 11:33:58,2803.393217561426,750.9115887920108,0.00014759120872181653,5.112473689644674e-05,0.9643421018940155,0.29418699254688463,False,160.66666666666666,0.9932640823900033
DAP2,33C,80,2026-03-12 11:35:38,2007.4773346704324,505.4893395511177,0.00016379945017918894,4.6413277768942177e-05,1.1913138207114058,0.41996283954500246,False,162.33333333333334,0.9925243541907067
DAP2,33C,81,2026-03-12 11:37:16,2168.3152500047245,355.8626642592308,0.00016636771494136018,2.4796750081322708e-05,1.6546488641120094,0.5109501117845394,False,163.96666666666667,0.9924071411128517
DAP2,33C,82,2026-03-12 11:38:56,3083.3191487409454,760.302821156666,0.00012811312141751627,3.5974569376000014e-05,1.1201895073688999,0.338650229127352,False,165.63333333333333,0.9941530431378578
DAP2,33C,83,2026-03-12 11:40:36,704.4774419497973,199.49290140080927,0.00014172798400489763,2.609630693523846e-05,3.7428818795683547,3.744196963566759,True,167.3,
DAP2,33C,84,2026-03-12 11:42:14,2987.6353224202458,944.9076603531333,0.00012733346185072773,5.226879153882634e-05,0.9363350555609499,0.31500605691122097,False,168.93333333333334,0.9941886260336903
DAP2,33C,85,2026-03-12 11:43:54,2111.5920120194487,310.51000810825667,0.00018850728553155405,2.5949841074560365e-05,1.621463013347221,0.4546710043876889,False,170.6,0.9913967128853999
DAP2,33C,86,2026-03-12 11:45:32,2146.985065121348,280.94237619942635,0.00019194636244678374,2.22193129902043e-05,1.8017876974535552,0.49468320797187604,False,172.23333333333332,0.9912397567973236
DAP2,33C,87,2026-03-12 11:47:12,1744.6060055709106,467.7274888569724,0.0001495351285012229,3.865148119907148e-05,1.4668641849949213,0.6430111505972868,False,173.9,0.9931753638031179
DAP2,33C,88,2026-03-12 11:48:50,2081.9215123253925,402.54324920764043,0.00016722168855430356,3.064751339819309e-05,1.545051157647212,0.5294443052458286,False,175.53333333333333,0.9923681665970406
DAP2,33C,89,2026-03-12 11:50:30,2202.4154460290074,415.9822059500302,0.0001800574439246612,3.5867463724751904e-05,1.3311314920878499,0.3981960525620581,False,177.2,0.9917823553459127
DAP2,33C,90,2026-03-12 11:52:08,2938.370404359444,1016.6428811978499,0.00012359828521000158,5.6196314135248855e-05,0.9160459999065628,0.3285088481252188,False,178.83333333333334,0.9943590958220239
DAP2,33C,91,2026-03-12 11:53:48,2436.3440769541407,535.1435680284835,0.0001640821212358729,4.092256660177875e-05,1.1765041341997222,0.35807918924810944,False,180.5,0.9925114533616869
DAP2,33C,92,2026-03-12 11:55:26,1017.7065781617113,246.7294806034869,0.00021200499113145757,4.505194489909228e-05,1.8860899250181788,1.0164651490004188,False,182.13333333333333,0.9903243007118318
DAP2,33C,93,2026-03-12 11:57:06,2732.6725792023026,611.0212011128341,0.00013915294285546425,3.233694855187301e-05,1.2940661102412947,0.41291667933407633,False,183.8,0.9936491965451028
DAP2,33C,94,2026-03-12 11:58:44,2081.4662783271815,312.322919971824,0.00017403978939590066,2.2891179098591204e-05,1.7819712115977138,0.5435010720854826,False,185.43333333333334,0.9920569951802375
DAP2,33C,95,2026-03-12 12:00:24,187.07735729084789,0.0,1.4711724061181077e-05,0.0,3.5750333020200933,0.0,True,187.1,
DAP2,33C,96,2026-03-12 12:02:02,1428.5226044198332,268.31684181106067,0.00019705023142139834,3.2980570972242616e-05,1.7901217170627428,0.7053537589421975,False,188.73333333333332,0.9910068212369813
DAP2,33C,97,2026-03-12 12:03:42,2229.4244485792497,439.9555373985798,0.00016629036694529507,3.303100489544905e-05,1.4062457305626748,0.45145857978825205,False,190.4,0.9924106711993202
DAP2,33C,98,2026-03-12 12:05:20,2103.8286950864695,201.67909640454576,0.00011692067910087713,6.946512287928198e-06,4.999999999999999,1.6743685163150712,True,192.03333333333333,
DAP2,33C,99,2026-03-12 12:07:00,3251.5369266208068,922.2269341071561,0.00012413083754627283,4.326250584611257e-05,1.0036741651097632,0.3164303594693671,False,193.7,0.9943347906571621
DAP2,33C,100,2026-03-12 12:08:40,2142.9302808872408,311.59594637411215,0.00018191525823525647,2.3625928564389996e-05,1.7441904586420567,0.5112829356604717,False,195.36666666666667,0.991697566527939
DAP2,33C,101,2026-03-12 12:10:18,2633.5694749573445,423.3742793835805,0.0001651030801756381,2.5957034271770242e-05,1.4671885202673975,0.3976902433408399,False,197.0,0.99246485779979
DAP2,33C,102,2026-03-12 12:11:58,676.3142056867873,360.75943526309555,0.00016587349039645828,8.187382871299644e-05,1.6030386815385578,1.562694410304375,False,198.66666666666666,0.9924296970350107
DAP2,33C,103,2026-03-12 12:13:36,2272.5745324268282,213.87523462419222,0.00016369065903182106,1.0967374647665008e-05,2.9011880125293548,0.8187022382644679,True,200.3,
DAP2,33C,104,2026-03-12 12:15:16,2409.0789396993887,493.52521433997936,0.00015523104308980365,3.321769681379026e-05,1.3131589565582138,0.4034016012924024,False,201.96666666666667,0.9929154078632314
DAP2,33C,105,2026-03-12 12:16:54,3577.3839827467677,3350.6400512545415,5.6410969985135985e-05,8.233764506083474e-05,0.6408242533631766,0.3919309984829495,False,203.6,0.9974254588101107
DAP2,33C,106,2026-03-12 12:18:34,1428.1447733674256,322.94599803997045,0.0002155506520039931,5.20765998120952e-05,1.345871709520773,0.5077227575912712,False,205.26666666666668,0.9901624802367694
DAP2,33C,107,2026-03-12 12:20:12,2306.848542560251,222.8287094939822,0.0001489203728757356,9.965452837565936e-06,2.9754172597140887,0.8634909703635589,True,206.9,
DAP2,33C,108,2026-03-12 12:21:52,2117.422256799659,210.17417923766382,0.00012073590404551366,7.097431241862938e-06,4.999999999999937,1.9038348362795448,True,208.56666666666666,
DAP2,33C,109,2026-03-12 12:23:30,1627.5307628206767,185.23310441855426,0.00015558018785461432,1.1873646597943192e-05,3.5404491537724123,1.3875323312522085,True,210.2,
DAP2,33C,110,2026-03-12 12:25:10,2373.44419083363,447.2597907516024,0.00015689886811097678,2.82976741759262e-05,1.4996983495147267,0.4786380595652845,False,211.86666666666667,0.9928392899695723
DAP2,33C,111,2026-03-12 12:26:48,3143.9762424565456,1018.5051763785862,0.0001214140706419155,4.978372333389964e-05,0.9604486587750041,0.331988088564372,False,213.5,0.9944587812267346
DAP2,33C,112,2026-03-12 12:28:28,2122.490014798075,247.30198819184233,0.0001556658970584487,1.3425295600619099e-05,2.469391349569841,0.7525054664205483,True,215.16666666666666,
DAP2,33C,113,2026-03-12 12:30:06,2382.5827876385706,476.49364635288,0.00015405474253099688,2.9560327090773312e-05,1.4877679562533614,0.4974786171435066,False,216.8,0.9929690930638428
DAP2,33C,114,2026-03-12 12:31:46,3197.7495552502,706.1348459128687,0.00012886916926702752,3.0740122233241026e-05,1.2064320008841636,0.3480016028678378,False,218.46666666666667,0.9941185378575798
DAP2,33C,115,2026-03-12 12:33:24,2560.4959669056807,329.62161681632756,0.00015880492264776021,1.7489920302322618e-05,1.8104961456110684,0.46917234424519494,False,220.1,0.9927522995151196
DAP2,33C,116,2026-03-12 12:35:04,2266.394237501883,324.8541208027682,0.00018853361564341947,2.551509629077454e-05,1.5983212484210616,0.4313960923963809,False,221.76666666666668,0.99139551120499
DAP2,33C,117,2026-03-12 12:36:42,2410.5381588823298,359.6772144527497,0.00016178964684641803,2.1509153709385826e-05,1.6959515729382808,0.48300143391283,False,223.4,0.9926160796381713
DAP2,33C,118,2026-03-12 12:38:22,2099.715162938672,224.51038469913826,0.00019011231035455446,1.604986023356019e-05,2.303307211816184,0.6326887425906802,True,225.06666666666666,
DAP2,33C,119,2026-03-12 12:40:02,1555.9888014892338,304.2861274793849,0.0001458458863852315,2.1647571838380902e-05,2.2262122399934934,1.0274025064179118,True,226.73333333333332,
DAP2,33C,120,2026-03-12 12:41:40,2680.764363900428,684.3445149285312,0.00014881261251335838,4.5920477407664996e-05,1.0599155357085714,0.33343341336786814,False,228.36666666666667,0.9932083387222089
DAP2,33C,121,2026-03-12 12:43:20,2022.50792788189,248.22935773116498,0.00016833908642305943,1.6005557984724008e-05,2.2841057958441664,0.6991057524082531,True,230.03333333333333,
DAP2,33C,122,2026-03-12 12:44:58,4916.754275908695,5153.24686729788,2.8148217536049276e-05,6.340281110308219e-05,0.4042432845549458,0.20443756207225355,True,231.66666666666666,
DAP2,33C,123,2026-03-12 12:46:38,1757.7866013494545,239.72441182019284,0.0001763737616930522,1.8503657481560954e-05,2.3822305630496303,0.8461200091512321,True,233.33333333333334,
DAP2,33C,124,2026-03-12 12:48:16,2181.5260699569403,386.85280956587314,0.00016126035616259498,2.538457426375645e-05,1.7051564410572477,0.5794163038203348,False,234.96666666666667,0.9926402359444232
DAP2,33C,125,2026-03-12 12:49:56,2169.4636095704886,294.081981033854,0.00015376810589526097,1.6642246712963187e-05,2.043439346071693,0.6152148968816994,True,236.63333333333333,
DAP2,33C,126,2026-03-12 12:51:34,939.3544746428398,339.9684067743917,0.00014097872070762085,3.946867701329284e-05,2.097834624915626,1.684418362332381,True,238.26666666666668,
DAP2,33C,127,2026-03-12 12:53:14,1964.4242907083935,430.2595288628145,0.0001577804204400511,3.338707925705328e-05,1.4800757433417284,0.5435147624345524,False,239.93333333333334,0.9927990567882806
DAP2,33C,128,2026-03-12 12:54:52,2466.8321951905677,521.7488503422126,0.00015561250359088193,3.450387304677224e-05,1.3069051295145249,0.4130823672100106,False,241.56666666666666,0.9928979983811289
DAP2,33C,129,2026-03-12 12:56:32,2277.7166974562474,254.49343835356638,0.00015969875680022956,1.326976398870239e-05,2.4760829748729583,0.7290757516956552,True,243.23333333333332,
DAP2,33C,130,2026-03-12 12:58:10,1868.5556864668586,240.52887473583817,0.0001761263077555086,1.7574952989069702e-05,2.33214853360973,0.7683382714575656,True,244.86666666666667,
DAP2,33C,131,2026-03-12 12:59:50,2433.8351478838017,358.6395552758049,0.00016192732784139698,2.1170643100049686e-05,1.7085492961544602,0.4838479370377432,False,246.53333333333333,0.9926097960129698
DAP2,33C,132,2026-03-12 13:01:30,1742.5266699476965,280.9868536470845,0.000170801636607422,2.3307427556059776e-05,1.8924144867780546,0.6507799641748884,False,248.2,0.992204781288778
DAP2,33C,133,2026-03-12 13:03:08,2641.1829154583884,477.30599748252354,0.00013680046074321741,2.214976526906829e-05,1.6048003880132358,0.498740418854986,False,249.83333333333334,0.9937565615150377
DAP2,33C,134,2026-03-12 13:04:48,2316.7841549436116,270.54097661503346,0.0001550039645628053,1.3625932067264879e-05,2.3518113208906013,0.689265232541358,True,251.5,
DAP2,33C,135,2026-03-12 13:06:26,1902.2584497325367,282.1306957135316,0.00015601107938038048,1.785112692993244e-05,2.2200247962509234,0.78838786000226,True,253.13333333333333,
DAP2,33C,136,2026-03-12 13:08:06,2503.9145434789243,467.46866761764727,0.00014431078760196269,2.4437072139898913e-05,1.5971450004900782,0.5203159936281172,False,254.8,0.9934137975836168
DAP2,33C,137,2026-03-12 13:09:44,1702.3184271286566,945.9953090223119,0.00013120020281360883,0.00010393982475180144,0.829117109744332,0.4523311658825263,False,256.43333333333334,0.9940121517790871
DAP2,33C,138,2026-03-12 13:11:24,2242.594478888031,376.97127659097373,0.00016443312590074056,2.622345142608537e-05,1.536866163105773,0.4535205166560288,False,258.1,0.9924954338539957
DAP2,33C,139,2026-03-12 13:13:02,2404.8758870799975,520.406671761301,0.00014162012906287653,2.931136461400937e-05,1.4659762517260235,0.508855453423473,False,259.73333333333335,0.9935365965930759
DAP2,33C,140,2026-03-12 13:14:42,2234.7081226741507,278.0310094362148,0.00018088008115219235,1.8865180991934232e-05,1.9665956650125143,0.5463617969524958,False,261.4,0.9917448109919126
DAP2,33C,141,2026-03-12 13:16:20,1047.1056533320514,187.2046303789907,0.00019144618948380374,2.5123004118987588e-05,2.8796068042137,1.5733258640823604,True,263.03333333333336,
DAP2,33C,142,2026-03-12 13:18:00,2537.3533294357567,472.4564316434892,0.00014160610592091666,2.4297307760056895e-05,1.5507761028677884,0.4873379978004148,False,264.7,0.9935372365954832
DAP2,33C,143,2026-03-12 13:19:38,2303.7144614482045,284.67543607241254,0.00015848161921596957,1.569915508764642e-05,2.0525245431122676,0.5699122215591187,True,266.3333333333333,
DAP2,33C,144,2026-03-12 13:21:18,1944.7228402143885,214.99686567399013,0.00016291622509086336,1.303006527555636e-05,2.7338805234595935,0.8650472871968431,True,268.0,
DAP2,33C,145,2026-03-12 13:22:56,171.61130524822056,0.0,5.74879668112141e-10,0.0,3.064623960801024,0.0,True,269.6333333333333,
DAP2,33C,146,2026-03-12 13:24:36,2199.661402256916,203.1652243836488,0.00012181517556740303,6.5747543464110205e-06,4.999999999999999,1.8249662701865725,True,271.3,
DAP2,33C,147,2026-03-12 13:26:14,3080.2257999822887,879.2667266582062,0.00013448638165410026,5.362544664269604e-05,0.8555062654323724,0.24701880171824495,False,272.93333333333334,0.9938621738087664
DAP2,33C,148,2026-03-12 13:27:54,2289.210398211233,198.3220672142839,0.00012749517153615248,6.064474835590947e-06,4.999999999991512,1.9994291807946611,True,274.6,
DAP2,33C,149,2026-03-12 13:29:32,7.661042518903338,659.3223135450525,6.034436202545252e-07,10051151.299967341,5.103956494285701e-12,2.840464001055097,True,276.23333333333335,
DAP2,33C,150,2026-03-12 13:31:12,655.9821315166588,113.1211147011926,0.0002603517280481148,2.951601279011662e-05,4.99999999999987,3.9664552125333454,True,277.9,
DAP2,33C,151,2026-03-12 13:32:52,935.3592486497736,186.13482419922673,0.00013222985722909428,1.4423086585632563e-05,4.999999999999855,4.996845454165581,True,279.56666666666666,
DAP2,33C,152,2026-03-12 13:34:30,1989.8748386406437,368.64482686617424,0.00015956876335225767,2.645015924868081e-05,1.6775695654869596,0.5851316333252186,False,281.2,0.9927174385766042
DAP2,33C,153,2026-03-12 13:36:10,2551.376022540216,492.39601989446925,0.00015287942923145395,3.0654663582603676e-05,1.3194583183253907,0.3816147764863716,False,282.8666666666667,0.9930227332069124
DAP2,33C,154,2026-03-12 13:37:48,2071.4244670929143,370.2152378547877,0.00017088391059184865,2.8185243967690893e-05,1.6220251254678457,0.5397218450005488,False,284.5,0.9922010263850453
DAP2,33C,155,2026-03-12 13:39:28,2095.660773623926,294.34731889439655,0.0001883314542038607,2.3814067728797542e-05,1.7355643462670711,0.4931664926852358,False,286.1666666666667,0.9914047376542655
DAP2,33C,156,2026-03-12 13:41:06,2366.08581959783,496.1207866061222,0.00015403911990924293,3.2533360359531415e-05,1.3829240361570443,0.4541178630864118,False,287.8,0.9929698060649348
DAP2,33C,157,2026-03-12 13:42:46,17530.304479399434,1.8776552608680586e-07,2.457059328688413e-08,7.776098276895295e-08,0.1677115578349364,0.05268718496120914,True,289.46666666666664,
DAP2,33C,158,2026-03-12 13:44:24,1782.8006067999581,187.81035907703478,0.00015497207749274802,1.1005534262834442e-05,3.4488070022468924,1.2269934244577658,True,291.1,
DAP2,33C,159,2026-03-12 13:46:04,6454.975399990666,3731.324819788747,4.5916540068144095e-05,4.753474685879231e-05,0.5280589037208013,0.17623932691087502,False,292.76666666666665,0.9979044142702423
DAP2,33C,160,2026-03-12 13:47:42,2241.3014219289885,320.89167984612277,0.00016494290991045783,2.0299598651889024e-05,1.8167369248941012,0.530562781380965,False,294.4,0.9924721678131652
DAP2,33C,161,2026-03-12 13:49:22,2214.980387664102,466.1748705855499,0.0001469943918392276,2.928900605575525e-05,1.5018523184650387,0.5249094213001987,False,296.06666666666666,0.9932913205255548
DAP2,33C,162,2026-03-12 13:51:00,2121.4072430003075,231.81094104652007,0.00017133379599253647,1.4235137105846406e-05,2.422707516114267,0.6950867902250523,True,297.7,
DAP2,33C,163,2026-03-12 13:52:40,1871.1375074514833,208.40412725181247,0.00018729091193632933,1.5893234099889564e-05,2.524970735048784,0.7749739214591802,True,299.3666666666667,
DAP2,33C,164,2026-03-12 13:54:20,2120.519342890108,292.6898581664185,0.00015626730258199494,1.7326898648323703e-05,2.031480552097668,0.6221942097116847,True,301.03333333333336,
DAP2,33C,165,2026-03-12 13:55:58,2922.2358709964983,852.2817564193526,0.00012800687770790615,4.428100830509057e-05,1.059211347414459,0.3620062399813992,False,302.6666666666667,0.9941578919962736
DAP2,33C,166,2026-03-12 13:57:38,17.335813357822925,179.53276233877568,21.674922910970686,0.0,5.407949927084213e-15,1.3073430861422413,False,304.3333333333333,-988.2221643533846
DAP2,33C,167,2026-03-12 13:59:16,2153.7290746128633,230.51130295907296,0.00018651863164244908,1.543178113655538e-05,2.4169454050435752,0.6883064899672174,True,305.96666666666664,
DAP2,33C,168,2026-03-12 14:00:56,1470.3143859145102,197.4479168142275,0.00011659803985084968,9.74009722780974e-06,4.999999999999999,2.3299831856364355,True,307.6333333333333,
DAP2,33C,169,2026-03-12 14:02:34,974.3292994254623,186.52266576328137,0.00017115082480420647,2.279215432508702e-05,3.2727851311916862,2.069784269751943,True,309.26666666666665,
DAP2,33C,170,2026-03-12 14:04:14,1510.1313768094078,373.16754415746504,0.0001985157786148335,5.287298433526825e-05,1.3103635382398053,0.5181479044946632,False,310.93333333333334,0.9909399351044397
DAP2,33C,171,2026-03-12 14:05:52,2688.4426447693436,680.9868312941372,0.0001303756805792768,3.497213126003618e-05,1.243329939962117,0.42387323979748415,False,312.56666666666666,0.9940497821629437
DAP2,33C,172,2026-03-12 14:07:32,2502.669519607206,523.4071085315392,0.00015533310562231578,3.3781132610504406e-05,1.3219795619794128,0.41713454356496127,False,314.23333333333335,0.9929107498296261
DAP2,33C,173,2026-03-12 14:09:12,2513.337080882067,1137.690555389759,0.00011875221593514741,8.307678832263578e-05,0.7331048114321962,0.2911323775098817,False,315.9,0.9945802656576154
DAP2,33C,174,2026-03-12 14:10:50,2061.451071369398,461.15841630462796,0.00013789902907731058,2.6448484081666023e-05,1.7251664397201378,0.7113175669278547,False,317.53333333333336,0.9937064239367125
DAP2,33C,175,2026-03-12 14:12:30,2034.012205021596,281.637122137694,0.00017948651852239394,2.136573917504771e-05,1.8653103843335805,0.5502506942341048,False,319.2,0.9918084118197666
DAP2,33C,176,2026-03-12 14:14:08,1481.4085781225133,229.19094474677829,0.0001479116948752169,1.6306753314907984e-05,2.674477994386831,1.141831951629268,True,320.8333333333333,
DAP2,33C,177,2026-03-12 14:15:48,1694.7034614845518,178.07336316250007,0.0001559899231001599,1.0673946523540052e-05,4.058676352226048,1.6088956651478838,True,322.5,
DAP2,33C,178,2026-03-12 14:17:26,2135.4109821482184,349.37175684543587,0.00016278731954770076,2.3161451889282494e-05,1.771943502597422,0.5763878953305221,False,324.1333333333333,0.9925705468372966
DAP2,33C,179,2026-03-12 14:19:06,2248.459222179191,211.54041904937014,0.0001494967351287737,9.577867273157605e-06,3.200145334091721,0.956418299467629,True,325.8,
DAP2,33C,180,2026-03-12 14:20:44,2545.4588078516513,307.4213539779386,0.0001605373462970293,1.59941949861471e-05,1.9460289866940712,0.5057665808616343,False,327.43333333333334,0.9926732334036069
DAP2,33C,181,2026-03-12 14:22:24,2158.5841711828252,380.81789333472705,0.00017631150640858958,2.9778467049284893e-05,1.5390585299947999,0.4864183551310419,False,329.1,0.9919533162500138
DAP2,33C,182,2026-03-12 14:24:04,2425.692625003675,412.68034679004086,0.00016155459419580782,2.6126366615426938e-05,1.5259513222486274,0.45053110492128573,False,330.76666666666665,0.9926268072099708
DAP2,33C,183,2026-03-12 14:25:42,2161.408859910397,304.8198621774692,0.00018820208751182656,2.4630598185385306e-05,1.6451790064155853,0.44792846143466003,False,332.4,0.9914106418228578
DAP2,33C,184,2026-03-12 14:27:22,2336.99094587105,305.2597538363357,0.00013564993644396052,1.2914824016033417e-05,2.3498627420803397,0.7443036647116944,True,334.06666666666666,
DAP2,33C,185,2026-03-12 14:29:00,3080.7459807031228,735.606101251408,0.00013116021294594084,3.516872768194284e-05,1.147227449296757,0.34541629258073536,False,335.7,0.9940139768773174
DAP2,33C,186,2026-03-12 14:30:40,1729.6018028308465,700.0045932751839,0.00013325775959842435,5.994711942160616e-05,1.1672220682647387,0.6077635236939518,False,337.3666666666667,0.9939182469110367
DAP2,33C,187,2026-03-12 14:32:18,1913.2556950837832,432.7388672686593,0.0001632347289552656,3.5361281543448266e-05,1.5115981916185257,0.5901026043598424,False,339.0,0.9925501275119629
DAP2,33C,188,2026-03-12 14:33:58,1854.7464776285567,273.58092552312615,0.000188003694870136,2.3981754694738428e-05,1.8706559265761138,0.5952541977699598,False,340.6666666666667,0.9914196962679052
DAP2,33C,189,2026-03-12 14:35:36,2052.1827458409384,255.78185186415686,0.0001571927457973841,1.476795923899453e-05,2.363075263231624,0.744485170424002,True,342.3,
DAP2,33C,190,2026-03-12 14:37:16,2460.684090582432,653.36152809789,0.0001461283724135005,4.487678976141575e-05,1.123464760537128,0.38359861677041424,False,343.96666666666664,0.9933308448004142
DAP2,33C,191,2026-03-12 14:38:54,1898.3176245477327,428.9049381635369,0.00015722829039249264,3.474526827465893e-05,1.4514559712487465,0.5397074860185405,False,345.6,0.9928242554606309
DAP2,33C,192,2026-03-12 14:40:34,2053.3069078802478,289.9626542177299,0.00016695256824947525,1.9612589530861104e-05,1.9417075951698424,0.5947164514781116,False,347.26666666666665,0.992380448983073
DAP2,33C,193,2026-03-12 14:42:14,2265.118233414719,937.7446579572822,0.00012198585207485916,6.258783338376471e-05,0.9889732808936011,0.44728430300039806,False,348.93333333333334,0.9944326856844825
DAP2,33C,194,2026-03-12 14:43:52,861.1628090566779,285.42189655391815,0.00016801897550407696,4.557898125109137e-05,2.011789932593414,1.4934510964415004,True,350.56666666666666,
DAP2,33C,195,2026-03-12 14:45:32,2624.2539619579343,499.9665893927835,0.00015945862368229251,3.186939683279407e-05,1.3117901324238357,0.3775474660148673,False,352.23333333333335,0.9927224652428189
DAP2,33C,196,2026-03-12 14:47:10,2091.569596056655,313.77175247194117,0.0001709598675510546,2.2139086662092286e-05,1.8230312100080612,0.564649198421343,False,353.8666666666667,0.9921975597841308
DAP2,33C,197,2026-03-12 14:48:50,1784.1696146144207,254.258213243351,0.00019054019896366057,2.320857078658959e-05,1.922895501970433,0.6068377394929367,False,355.53333333333336,0.9913039327157305
DAP2,33C,198,2026-03-12 14:50:28,2409.994673043439,365.03384329620644,0.00015783751578569681,2.0677103486869426e-05,1.7723724182202494,0.5293179543618404,False,357.1666666666667,0.9927964510128587
DAP2,33C,199,2026-03-12 14:52:08,2337.542079607031,355.337531623514,0.0001835279996493168,2.773103807699626e-05,1.4624304562977537,0.38453077364479193,False,358.8333333333333,0.9916239625959337
DAP2,33C,200,2026-03-12 14:53:46,3277.1200136190637,1178.5381087643684,0.00011193722926214771,5.4798967909155995e-05,0.8589112203248783,0.29608615082060485,False,360.46666666666664,0.9948912949468265
